period;format;download_path;download_mode;path;missing_symbols;inputs_folder;data_folder;ft_CAGED
2007-01m;csv;ftp://ftp.mtps.gov.br/pdet/microdados/CAGED/2007/CAGEDEST_012007.7z;source;;{&{ñ&{ñ &{ñ c&{ñ cl&{ñ clas&{ñ class&{ñ class};;CAGEDEST_012007;";&CAGEDEST_012007.txt"
2007-02m;csv;ftp://ftp.mtps.gov.br/pdet/microdados/CAGED/2007/CAGEDEST_022007.7z;source;;{&{ñ&{ñ &{ñ c&{ñ cl&{ñ clas&{ñ class&{ñ class};;CAGEDEST_022007;";&CAGEDEST_022007.txt"
2007-03m;csv;ftp://ftp.mtps.gov.br/pdet/microdados/CAGED/2007/CAGEDEST_032007.7z;source;;{&{ñ&{ñ &{ñ c&{ñ cl&{ñ clas&{ñ class&{ñ class};;CAGEDEST_032007;";&CAGEDEST_032007.txt"
2007-04m;csv;ftp://ftp.mtps.gov.br/pdet/microdados/CAGED/2007/CAGEDEST_042007.7z;source;;{&{ñ&{ñ &{ñ c&{ñ cl&{ñ clas&{ñ class&{ñ class};;CAGEDEST_042007;";&CAGEDEST_042007.txt"
2007-05m;csv;ftp://ftp.mtps.gov.br/pdet/microdados/CAGED/2007/CAGEDEST_052007.7z;source;;{&{ñ&{ñ &{ñ c&{ñ cl&{ñ clas&{ñ class&{ñ class};;CAGEDEST_052007;";&CAGEDEST_052007.txt"
2007-06m;csv;ftp://ftp.mtps.gov.br/pdet/microdados/CAGED/2007/CAGEDEST_062007.7z;source;;{&{ñ&{ñ &{ñ c&{ñ cl&{ñ clas&{ñ class&{ñ class};;CAGEDEST_062007;";&CAGEDEST_062007.txt"
2007-07m;csv;ftp://ftp.mtps.gov.br/pdet/microdados/CAGED/2007/CAGEDEST_072007.7z;source;;{&{ñ&{ñ &{ñ c&{ñ cl&{ñ clas&{ñ class&{ñ class};;CAGEDEST_072007;";&CAGEDEST_072007.txt"
2007-08m;csv;ftp://ftp.mtps.gov.br/pdet/microdados/CAGED/2007/CAGEDEST_082007.7z;source;;{&{ñ&{ñ &{ñ c&{ñ cl&{ñ clas&{ñ class&{ñ class};;CAGEDEST_082007;";&CAGEDEST_082007.txt"
2007-09m;csv;ftp://ftp.mtps.gov.br/pdet/microdados/CAGED/2007/CAGEDEST_092007.7z;source;;{&{ñ&{ñ &{ñ c&{ñ cl&{ñ clas&{ñ class&{ñ class};;CAGEDEST_092007;";&CAGEDEST_092007.txt"
2007-10m;csv;ftp://ftp.mtps.gov.br/pdet/microdados/CAGED/2007/CAGEDEST_102007.7z;source;;{&{ñ&{ñ &{ñ c&{ñ cl&{ñ clas&{ñ class&{ñ class};;CAGEDEST_102007;";&CAGEDEST_102007.txt"
2007-11m;csv;ftp://ftp.mtps.gov.br/pdet/microdados/CAGED/2007/CAGEDEST_112007.7z;source;;{&{ñ&{ñ &{ñ c&{ñ cl&{ñ clas&{ñ class&{ñ class};;CAGEDEST_112007;";&CAGEDEST_112007.txt"
2007-12m;csv;ftp://ftp.mtps.gov.br/pdet/microdados/CAGED/2007/CAGEDEST_122007.7z;source;;{&{ñ&{ñ &{ñ c&{ñ cl&{ñ clas&{ñ class&{ñ class};;CAGEDEST_122007;";&CAGEDEST_122007.txt"
2008-01m;csv;ftp://ftp.mtps.gov.br/pdet/microdados/CAGED/2008/CAGEDEST_012008.7z;source;;{&{ñ&{ñ &{ñ c&{ñ cl&{ñ clas&{ñ class&{ñ class};;CAGEDEST_012008;";&CAGEDEST_012008.txt"
2008-02m;csv;ftp://ftp.mtps.gov.br/pdet/microdados/CAGED/2008/CAGEDEST_022008.7z;source;;{&{ñ&{ñ &{ñ c&{ñ cl&{ñ clas&{ñ class&{ñ class};;CAGEDEST_022008;";&CAGEDEST_022008.txt"
2008-03m;csv;ftp://ftp.mtps.gov.br/pdet/microdados/CAGED/2008/CAGEDEST_032008.7z;source;;{&{ñ&{ñ &{ñ c&{ñ cl&{ñ clas&{ñ class&{ñ class};;CAGEDEST_032008;";&CAGEDEST_032008.txt"
2008-04m;csv;ftp://ftp.mtps.gov.br/pdet/microdados/CAGED/2008/CAGEDEST_042008.7z;source;;{&{ñ&{ñ &{ñ c&{ñ cl&{ñ clas&{ñ class&{ñ class};;CAGEDEST_042008;";&CAGEDEST_042008.txt"
2008-05m;csv;ftp://ftp.mtps.gov.br/pdet/microdados/CAGED/2008/CAGEDEST_052008.7z;source;;{&{ñ&{ñ &{ñ c&{ñ cl&{ñ clas&{ñ class&{ñ class};;CAGEDEST_052008;";&CAGEDEST_052008.txt"
2008-06m;csv;ftp://ftp.mtps.gov.br/pdet/microdados/CAGED/2008/CAGEDEST_062008.7z;source;;{&{ñ&{ñ &{ñ c&{ñ cl&{ñ clas&{ñ class&{ñ class};;CAGEDEST_062008;";&CAGEDEST_062008.txt"
2008-07m;csv;ftp://ftp.mtps.gov.br/pdet/microdados/CAGED/2008/CAGEDEST_072008.7z;source;;{&{ñ&{ñ &{ñ c&{ñ cl&{ñ clas&{ñ class&{ñ class};;CAGEDEST_072008;";&CAGEDEST_072008.txt"
2008-08m;csv;ftp://ftp.mtps.gov.br/pdet/microdados/CAGED/2008/CAGEDEST_082008.7z;source;;{&{ñ&{ñ &{ñ c&{ñ cl&{ñ clas&{ñ class&{ñ class};;CAGEDEST_082008;";&CAGEDEST_082008.txt"
2008-09m;csv;ftp://ftp.mtps.gov.br/pdet/microdados/CAGED/2008/CAGEDEST_092008.7z;source;;{&{ñ&{ñ &{ñ c&{ñ cl&{ñ clas&{ñ class&{ñ class};;CAGEDEST_092008;";&CAGEDEST_092008.txt"
2008-10m;csv;ftp://ftp.mtps.gov.br/pdet/microdados/CAGED/2008/CAGEDEST_102008.7z;source;;{&{ñ&{ñ &{ñ c&{ñ cl&{ñ clas&{ñ class&{ñ class};;CAGEDEST_102008;";&CAGEDEST_102008.txt"
2008-11m;csv;ftp://ftp.mtps.gov.br/pdet/microdados/CAGED/2008/CAGEDEST_112008.7z;source;;{&{ñ&{ñ &{ñ c&{ñ cl&{ñ clas&{ñ class&{ñ class};;CAGEDEST_112008;";&CAGEDEST_112008.txt"
2008-12m;csv;ftp://ftp.mtps.gov.br/pdet/microdados/CAGED/2008/CAGEDEST_122008.7z;source;;{&{ñ&{ñ &{ñ c&{ñ cl&{ñ clas&{ñ class&{ñ class};;CAGEDEST_122008;";&CAGEDEST_122008.txt"
2009-01m;csv;ftp://ftp.mtps.gov.br/pdet/microdados/CAGED/2009/CAGEDEST_012009.7z;source;;{&{ñ&{ñ &{ñ c&{ñ cl&{ñ clas&{ñ class&{ñ class};;CAGEDEST_012009;";&CAGEDEST_012009.txt"
2009-02m;csv;ftp://ftp.mtps.gov.br/pdet/microdados/CAGED/2009/CAGEDEST_022009.7z;source;;{&{ñ&{ñ &{ñ c&{ñ cl&{ñ clas&{ñ class&{ñ class};;CAGEDEST_022009;";&CAGEDEST_022009.txt"
2009-03m;csv;ftp://ftp.mtps.gov.br/pdet/microdados/CAGED/2009/CAGEDEST_032009.7z;source;;{&{ñ&{ñ &{ñ c&{ñ cl&{ñ clas&{ñ class&{ñ class};;CAGEDEST_032009;";&CAGEDEST_032009.txt"
2009-04m;csv;ftp://ftp.mtps.gov.br/pdet/microdados/CAGED/2009/CAGEDEST_042009.7z;source;;{&{ñ&{ñ &{ñ c&{ñ cl&{ñ clas&{ñ class&{ñ class};;CAGEDEST_042009;";&CAGEDEST_042009.txt"
2009-05m;csv;ftp://ftp.mtps.gov.br/pdet/microdados/CAGED/2009/CAGEDEST_052009.7z;source;;{&{ñ&{ñ &{ñ c&{ñ cl&{ñ clas&{ñ class&{ñ class};;CAGEDEST_052009;";&CAGEDEST_052009.txt"
2009-06m;csv;ftp://ftp.mtps.gov.br/pdet/microdados/CAGED/2009/CAGEDEST_062009.7z;source;;{&{ñ&{ñ &{ñ c&{ñ cl&{ñ clas&{ñ class&{ñ class};;CAGEDEST_062009;";&CAGEDEST_062009.txt"
2009-07m;csv;ftp://ftp.mtps.gov.br/pdet/microdados/CAGED/2009/CAGEDEST_072009.7z;source;;{&{ñ&{ñ &{ñ c&{ñ cl&{ñ clas&{ñ class&{ñ class};;CAGEDEST_072009;";&CAGEDEST_072009.txt"
2009-08m;csv;ftp://ftp.mtps.gov.br/pdet/microdados/CAGED/2009/CAGEDEST_082009.7z;source;;{&{ñ&{ñ &{ñ c&{ñ cl&{ñ clas&{ñ class&{ñ class};;CAGEDEST_082009;";&CAGEDEST_082009.txt"
2009-09m;csv;ftp://ftp.mtps.gov.br/pdet/microdados/CAGED/2009/CAGEDEST_092009.7z;source;;{&{ñ&{ñ &{ñ c&{ñ cl&{ñ clas&{ñ class&{ñ class};;CAGEDEST_092009;";&CAGEDEST_092009.txt"
2009-10m;csv;ftp://ftp.mtps.gov.br/pdet/microdados/CAGED/2009/CAGEDEST_102009.7z;source;;{&{ñ&{ñ &{ñ c&{ñ cl&{ñ clas&{ñ class&{ñ class};;CAGEDEST_102009;";&CAGEDEST_102009.txt"
2009-11m;csv;ftp://ftp.mtps.gov.br/pdet/microdados/CAGED/2009/CAGEDEST_112009.7z;source;;{&{ñ&{ñ &{ñ c&{ñ cl&{ñ clas&{ñ class&{ñ class};;CAGEDEST_112009;";&CAGEDEST_112009.txt"
2009-12m;csv;ftp://ftp.mtps.gov.br/pdet/microdados/CAGED/2009/CAGEDEST_122009.7z;source;;{&{ñ&{ñ &{ñ c&{ñ cl&{ñ clas&{ñ class&{ñ class};;CAGEDEST_122009;";&CAGEDEST_122009.txt"
2010-01m;csv;ftp://ftp.mtps.gov.br/pdet/microdados/CAGED/2010/CAGEDEST_012010.7z;source;;{&{ñ&{ñ &{ñ c&{ñ cl&{ñ clas&{ñ class&{ñ class};;CAGEDEST_012010;";&CAGEDEST_012010.txt"
2010-02m;csv;ftp://ftp.mtps.gov.br/pdet/microdados/CAGED/2010/CAGEDEST_022010.7z;source;;{&{ñ&{ñ &{ñ c&{ñ cl&{ñ clas&{ñ class&{ñ class};;CAGEDEST_022010;";&CAGEDEST_022010.txt"
2010-03m;csv;ftp://ftp.mtps.gov.br/pdet/microdados/CAGED/2010/CAGEDEST_032010.7z;source;;{&{ñ&{ñ &{ñ c&{ñ cl&{ñ clas&{ñ class&{ñ class};;CAGEDEST_032010;";&CAGEDEST_032010.txt"
2010-04m;csv;ftp://ftp.mtps.gov.br/pdet/microdados/CAGED/2010/CAGEDEST_042010.7z;source;;{&{ñ&{ñ &{ñ c&{ñ cl&{ñ clas&{ñ class&{ñ class};;CAGEDEST_042010;";&CAGEDEST_042010.txt"
2010-05m;csv;ftp://ftp.mtps.gov.br/pdet/microdados/CAGED/2010/CAGEDEST_052010.7z;source;;{&{ñ&{ñ &{ñ c&{ñ cl&{ñ clas&{ñ class&{ñ class};;CAGEDEST_052010;";&CAGEDEST_052010.txt"
2010-06m;csv;ftp://ftp.mtps.gov.br/pdet/microdados/CAGED/2010/CAGEDEST_062010.7z;source;;{&{ñ&{ñ &{ñ c&{ñ cl&{ñ clas&{ñ class&{ñ class};;CAGEDEST_062010;";&CAGEDEST_062010.txt"
2010-07m;csv;ftp://ftp.mtps.gov.br/pdet/microdados/CAGED/2010/CAGEDEST_072010.7z;source;;{&{ñ&{ñ &{ñ c&{ñ cl&{ñ clas&{ñ class&{ñ class};;CAGEDEST_072010;";&CAGEDEST_072010.txt"
2010-08m;csv;ftp://ftp.mtps.gov.br/pdet/microdados/CAGED/2010/CAGEDEST_082010.7z;source;;{&{ñ&{ñ &{ñ c&{ñ cl&{ñ clas&{ñ class&{ñ class};;CAGEDEST_082010;";&CAGEDEST_082010.txt"
2010-09m;csv;ftp://ftp.mtps.gov.br/pdet/microdados/CAGED/2010/CAGEDEST_092010.7z;source;;{&{ñ&{ñ &{ñ c&{ñ cl&{ñ clas&{ñ class&{ñ class};;CAGEDEST_092010;";&CAGEDEST_092010.txt"
2010-10m;csv;ftp://ftp.mtps.gov.br/pdet/microdados/CAGED/2010/CAGEDEST_102010.7z;source;;{&{ñ&{ñ &{ñ c&{ñ cl&{ñ clas&{ñ class&{ñ class};;CAGEDEST_102010;";&CAGEDEST_102010.txt"
2010-11m;csv;ftp://ftp.mtps.gov.br/pdet/microdados/CAGED/2010/CAGEDEST_112010.7z;source;;{&{ñ&{ñ &{ñ c&{ñ cl&{ñ clas&{ñ class&{ñ class};;CAGEDEST_112010;";&CAGEDEST_112010.txt"
2010-12m;csv;ftp://ftp.mtps.gov.br/pdet/microdados/CAGED/2010/CAGEDEST_122010.7z;source;;{&{ñ&{ñ &{ñ c&{ñ cl&{ñ clas&{ñ class&{ñ class};;CAGEDEST_122010;";&CAGEDEST_122010.txt"
2011-01m;csv;ftp://ftp.mtps.gov.br/pdet/microdados/CAGED/2011/CAGEDEST_012011.7z;source;;{&{ñ&{ñ &{ñ c&{ñ cl&{ñ clas&{ñ class&{ñ class};;CAGEDEST_012011;";&CAGEDEST_012011.txt"
2011-02m;csv;ftp://ftp.mtps.gov.br/pdet/microdados/CAGED/2011/CAGEDEST_022011.7z;source;;{&{ñ&{ñ &{ñ c&{ñ cl&{ñ clas&{ñ class&{ñ class};;CAGEDEST_022011;";&CAGEDEST_022011.txt"
2011-03m;csv;ftp://ftp.mtps.gov.br/pdet/microdados/CAGED/2011/CAGEDEST_032011.7z;source;;{&{ñ&{ñ &{ñ c&{ñ cl&{ñ clas&{ñ class&{ñ class};;CAGEDEST_032011;";&CAGEDEST_032011.txt"
2011-04m;csv;ftp://ftp.mtps.gov.br/pdet/microdados/CAGED/2011/CAGEDEST_042011.7z;source;;{&{ñ&{ñ &{ñ c&{ñ cl&{ñ clas&{ñ class&{ñ class};;CAGEDEST_042011;";&CAGEDEST_042011.txt"
2011-05m;csv;ftp://ftp.mtps.gov.br/pdet/microdados/CAGED/2011/CAGEDEST_052011.7z;source;;{&{ñ&{ñ &{ñ c&{ñ cl&{ñ clas&{ñ class&{ñ class};;CAGEDEST_052011;";&CAGEDEST_052011.txt"
2011-06m;csv;ftp://ftp.mtps.gov.br/pdet/microdados/CAGED/2011/CAGEDEST_062011.7z;source;;{&{ñ&{ñ &{ñ c&{ñ cl&{ñ clas&{ñ class&{ñ class};;CAGEDEST_062011;";&CAGEDEST_062011.txt"
2011-07m;csv;ftp://ftp.mtps.gov.br/pdet/microdados/CAGED/2011/CAGEDEST_072011.7z;source;;{&{ñ&{ñ &{ñ c&{ñ cl&{ñ clas&{ñ class&{ñ class};;CAGEDEST_072011;";&CAGEDEST_072011.txt"
2011-08m;csv;ftp://ftp.mtps.gov.br/pdet/microdados/CAGED/2011/CAGEDEST_082011.7z;source;;{&{ñ&{ñ &{ñ c&{ñ cl&{ñ clas&{ñ class&{ñ class};;CAGEDEST_082011;";&CAGEDEST_082011.txt"
2011-09m;csv;ftp://ftp.mtps.gov.br/pdet/microdados/CAGED/2011/CAGEDEST_092011.7z;source;;{&{ñ&{ñ &{ñ c&{ñ cl&{ñ clas&{ñ class&{ñ class};;CAGEDEST_092011;";&CAGEDEST_092011.txt"
2011-10m;csv;ftp://ftp.mtps.gov.br/pdet/microdados/CAGED/2011/CAGEDEST_102011.7z;source;;{&{ñ&{ñ &{ñ c&{ñ cl&{ñ clas&{ñ class&{ñ class};;CAGEDEST_102011;";&CAGEDEST_102011.txt"
2011-11m;csv;ftp://ftp.mtps.gov.br/pdet/microdados/CAGED/2011/CAGEDEST_112011.7z;source;;{&{ñ&{ñ &{ñ c&{ñ cl&{ñ clas&{ñ class&{ñ class};;CAGEDEST_112011;";&CAGEDEST_112011.txt"
2011-12m;csv;ftp://ftp.mtps.gov.br/pdet/microdados/CAGED/2011/CAGEDEST_122011.7z;source;;{&{ñ&{ñ &{ñ c&{ñ cl&{ñ clas&{ñ class&{ñ class};;CAGEDEST_122011;";&CAGEDEST_122011.txt"
2012-01m;csv;ftp://ftp.mtps.gov.br/pdet/microdados/CAGED/2012/CAGEDEST_012012.7z;source;;{&{ñ&{ñ &{ñ c&{ñ cl&{ñ clas&{ñ class&{ñ class};;CAGEDEST_012012;";&CAGEDEST_012012.txt"
2012-02m;csv;ftp://ftp.mtps.gov.br/pdet/microdados/CAGED/2012/CAGEDEST_022012.7z;source;;{&{ñ&{ñ &{ñ c&{ñ cl&{ñ clas&{ñ class&{ñ class};;CAGEDEST_022012;";&CAGEDEST_022012.txt"
2012-03m;csv;ftp://ftp.mtps.gov.br/pdet/microdados/CAGED/2012/CAGEDEST_032012.7z;source;;{&{ñ&{ñ &{ñ c&{ñ cl&{ñ clas&{ñ class&{ñ class};;CAGEDEST_032012;";&CAGEDEST_032012.txt"
2012-04m;csv;ftp://ftp.mtps.gov.br/pdet/microdados/CAGED/2012/CAGEDEST_042012.7z;source;;{&{ñ&{ñ &{ñ c&{ñ cl&{ñ clas&{ñ class&{ñ class};;CAGEDEST_042012;";&CAGEDEST_042012.txt"
2012-05m;csv;ftp://ftp.mtps.gov.br/pdet/microdados/CAGED/2012/CAGEDEST_052012.7z;source;;{&{ñ&{ñ &{ñ c&{ñ cl&{ñ clas&{ñ class&{ñ class};;CAGEDEST_052012;";&CAGEDEST_052012.txt"
2012-06m;csv;ftp://ftp.mtps.gov.br/pdet/microdados/CAGED/2012/CAGEDEST_062012.7z;source;;{&{ñ&{ñ &{ñ c&{ñ cl&{ñ clas&{ñ class&{ñ class};;CAGEDEST_062012;";&CAGEDEST_062012.txt"
2012-07m;csv;ftp://ftp.mtps.gov.br/pdet/microdados/CAGED/2012/CAGEDEST_072012.7z;source;;{&{ñ&{ñ &{ñ c&{ñ cl&{ñ clas&{ñ class&{ñ class};;CAGEDEST_072012;";&CAGEDEST_072012.txt"
2012-08m;csv;ftp://ftp.mtps.gov.br/pdet/microdados/CAGED/2012/CAGEDEST_082012.7z;source;;{&{ñ&{ñ &{ñ c&{ñ cl&{ñ clas&{ñ class&{ñ class};;CAGEDEST_082012;";&CAGEDEST_082012.txt"
2012-09m;csv;ftp://ftp.mtps.gov.br/pdet/microdados/CAGED/2012/CAGEDEST_092012.7z;source;;{&{ñ&{ñ &{ñ c&{ñ cl&{ñ clas&{ñ class&{ñ class};;CAGEDEST_092012;";&CAGEDEST_092012.txt"
2012-10m;csv;ftp://ftp.mtps.gov.br/pdet/microdados/CAGED/2012/CAGEDEST_102012.7z;source;;{&{ñ&{ñ &{ñ c&{ñ cl&{ñ clas&{ñ class&{ñ class};;CAGEDEST_102012;";&CAGEDEST_102012.txt"
2012-11m;csv;ftp://ftp.mtps.gov.br/pdet/microdados/CAGED/2012/CAGEDEST_112012.7z;source;;{&{ñ&{ñ &{ñ c&{ñ cl&{ñ clas&{ñ class&{ñ class};;CAGEDEST_112012;";&CAGEDEST_112012.txt"
2012-12m;csv;ftp://ftp.mtps.gov.br/pdet/microdados/CAGED/2012/CAGEDEST_122012.7z;source;;{&{ñ&{ñ &{ñ c&{ñ cl&{ñ clas&{ñ class&{ñ class};;CAGEDEST_122012;";&CAGEDEST_122012.txt"
2013-01m;csv;ftp://ftp.mtps.gov.br/pdet/microdados/CAGED/2013/CAGEDEST_012013.7z;source;;{&{ñ&{ñ &{ñ c&{ñ cl&{ñ clas&{ñ class&{ñ class};;CAGEDEST_012013;";&CAGEDEST_012013.txt"
2013-02m;csv;ftp://ftp.mtps.gov.br/pdet/microdados/CAGED/2013/CAGEDEST_022013.7z;source;;{&{ñ&{ñ &{ñ c&{ñ cl&{ñ clas&{ñ class&{ñ class};;CAGEDEST_022013;";&CAGEDEST_022013.txt"
2013-03m;csv;ftp://ftp.mtps.gov.br/pdet/microdados/CAGED/2013/CAGEDEST_032013.7z;source;;{&{ñ&{ñ &{ñ c&{ñ cl&{ñ clas&{ñ class&{ñ class};;CAGEDEST_032013;";&CAGEDEST_032013.txt"
2013-04m;csv;ftp://ftp.mtps.gov.br/pdet/microdados/CAGED/2013/CAGEDEST_042013.7z;source;;{&{ñ&{ñ &{ñ c&{ñ cl&{ñ clas&{ñ class&{ñ class};;CAGEDEST_042013;";&CAGEDEST_042013.txt"
2013-05m;csv;ftp://ftp.mtps.gov.br/pdet/microdados/CAGED/2013/CAGEDEST_052013.7z;source;;{&{ñ&{ñ &{ñ c&{ñ cl&{ñ clas&{ñ class&{ñ class};;CAGEDEST_052013;";&CAGEDEST_052013.txt"
2013-06m;csv;ftp://ftp.mtps.gov.br/pdet/microdados/CAGED/2013/CAGEDEST_062013.7z;source;;{&{ñ&{ñ &{ñ c&{ñ cl&{ñ clas&{ñ class&{ñ class};;CAGEDEST_062013;";&CAGEDEST_062013.txt"
2013-07m;csv;ftp://ftp.mtps.gov.br/pdet/microdados/CAGED/2013/CAGEDEST_072013.7z;source;;{&{ñ&{ñ &{ñ c&{ñ cl&{ñ clas&{ñ class&{ñ class};;CAGEDEST_072013;";&CAGEDEST_072013.txt"
2013-08m;csv;ftp://ftp.mtps.gov.br/pdet/microdados/CAGED/2013/CAGEDEST_082013.7z;source;;{&{ñ&{ñ &{ñ c&{ñ cl&{ñ clas&{ñ class&{ñ class};;CAGEDEST_082013;";&CAGEDEST_082013.txt"
2013-09m;csv;ftp://ftp.mtps.gov.br/pdet/microdados/CAGED/2013/CAGEDEST_092013.7z;source;;{&{ñ&{ñ &{ñ c&{ñ cl&{ñ clas&{ñ class&{ñ class};;CAGEDEST_092013;";&CAGEDEST_092013.txt"
2013-10m;csv;ftp://ftp.mtps.gov.br/pdet/microdados/CAGED/2013/CAGEDEST_102013.7z;source;;{&{ñ&{ñ &{ñ c&{ñ cl&{ñ clas&{ñ class&{ñ class};;CAGEDEST_102013;";&CAGEDEST_102013.txt"
2013-11m;csv;ftp://ftp.mtps.gov.br/pdet/microdados/CAGED/2013/CAGEDEST_112013.7z;source;;{&{ñ&{ñ &{ñ c&{ñ cl&{ñ clas&{ñ class&{ñ class};;CAGEDEST_112013;";&CAGEDEST_112013.txt"
2013-12m;csv;ftp://ftp.mtps.gov.br/pdet/microdados/CAGED/2013/CAGEDEST_122013.7z;source;;{&{ñ&{ñ &{ñ c&{ñ cl&{ñ clas&{ñ class&{ñ class};;CAGEDEST_122013;";&CAGEDEST_122013.txt"
2014-01m;csv;ftp://ftp.mtps.gov.br/pdet/microdados/CAGED/2014/CAGEDEST_012014.7z;source;;{&{ñ&{ñ &{ñ c&{ñ cl&{ñ clas&{ñ class&{ñ class};;CAGEDEST_012014;";&CAGEDEST_012014.txt"
2014-02m;csv;ftp://ftp.mtps.gov.br/pdet/microdados/CAGED/2014/CAGEDEST_022014.7z;source;;{&{ñ&{ñ &{ñ c&{ñ cl&{ñ clas&{ñ class&{ñ class};;CAGEDEST_022014;";&CAGEDEST_022014.txt"
2014-03m;csv;ftp://ftp.mtps.gov.br/pdet/microdados/CAGED/2014/CAGEDEST_032014.7z;source;;{&{ñ&{ñ &{ñ c&{ñ cl&{ñ clas&{ñ class&{ñ class};;CAGEDEST_032014;";&CAGEDEST_032014.txt"
2014-04m;csv;ftp://ftp.mtps.gov.br/pdet/microdados/CAGED/2014/CAGEDEST_042014.7z;source;;{&{ñ&{ñ &{ñ c&{ñ cl&{ñ clas&{ñ class&{ñ class};;CAGEDEST_042014;";&CAGEDEST_042014.txt"
2014-05m;csv;ftp://ftp.mtps.gov.br/pdet/microdados/CAGED/2014/CAGEDEST_052014.7z;source;;{&{ñ&{ñ &{ñ c&{ñ cl&{ñ clas&{ñ class&{ñ class};;CAGEDEST_052014;";&CAGEDEST_052014.txt"
2014-06m;csv;ftp://ftp.mtps.gov.br/pdet/microdados/CAGED/2014/CAGEDEST_062014.7z;source;;{&{ñ&{ñ &{ñ c&{ñ cl&{ñ clas&{ñ class&{ñ class};;CAGEDEST_062014;";&CAGEDEST_062014.txt"
2014-07m;csv;ftp://ftp.mtps.gov.br/pdet/microdados/CAGED/2014/CAGEDEST_072014.7z;source;;{&{ñ&{ñ &{ñ c&{ñ cl&{ñ clas&{ñ class&{ñ class};;CAGEDEST_072014;";&CAGEDEST_072014.txt"
2014-08m;csv;ftp://ftp.mtps.gov.br/pdet/microdados/CAGED/2014/CAGEDEST_082014.7z;source;;{&{ñ&{ñ &{ñ c&{ñ cl&{ñ clas&{ñ class&{ñ class};;CAGEDEST_082014;";&CAGEDEST_082014.txt"
2014-09m;csv;ftp://ftp.mtps.gov.br/pdet/microdados/CAGED/2014/CAGEDEST_092014.7z;source;;{&{ñ&{ñ &{ñ c&{ñ cl&{ñ clas&{ñ class&{ñ class};;CAGEDEST_092014;";&CAGEDEST_092014.txt"
2014-10m;csv;ftp://ftp.mtps.gov.br/pdet/microdados/CAGED/2014/CAGEDEST_102014.7z;source;;{&{ñ&{ñ &{ñ c&{ñ cl&{ñ clas&{ñ class&{ñ class};;CAGEDEST_102014;";&CAGEDEST_102014.txt"
2014-11m;csv;ftp://ftp.mtps.gov.br/pdet/microdados/CAGED/2014/CAGEDEST_112014.7z;source;;{&{ñ&{ñ &{ñ c&{ñ cl&{ñ clas&{ñ class&{ñ class};;CAGEDEST_112014;";&CAGEDEST_112014.txt"
2014-12m;csv;ftp://ftp.mtps.gov.br/pdet/microdados/CAGED/2014/CAGEDEST_122014.7z;source;;{&{ñ&{ñ &{ñ c&{ñ cl&{ñ clas&{ñ class&{ñ class};;CAGEDEST_122014;";&CAGEDEST_122014.txt"
2015-01m;csv;ftp://ftp.mtps.gov.br/pdet/microdados/CAGED/2015/CAGEDEST_012015.7z;source;;{&{ñ&{ñ &{ñ c&{ñ cl&{ñ clas&{ñ class&{ñ class};;CAGEDEST_012015;";&CAGEDEST_012015.txt"
2015-02m;csv;ftp://ftp.mtps.gov.br/pdet/microdados/CAGED/2015/CAGEDEST_022015.7z;source;;{&{ñ&{ñ &{ñ c&{ñ cl&{ñ clas&{ñ class&{ñ class};;CAGEDEST_022015;";&CAGEDEST_022015.txt"
2015-03m;csv;ftp://ftp.mtps.gov.br/pdet/microdados/CAGED/2015/CAGEDEST_032015.7z;source;;{&{ñ&{ñ &{ñ c&{ñ cl&{ñ clas&{ñ class&{ñ class};;CAGEDEST_032015;";&CAGEDEST_032015.txt"
2015-04m;csv;ftp://ftp.mtps.gov.br/pdet/microdados/CAGED/2015/CAGEDEST_042015.7z;source;;{&{ñ&{ñ &{ñ c&{ñ cl&{ñ clas&{ñ class&{ñ class};;CAGEDEST_042015;";&CAGEDEST_042015.txt"
2015-05m;csv;ftp://ftp.mtps.gov.br/pdet/microdados/CAGED/2015/CAGEDEST_052015.7z;source;;{&{ñ&{ñ &{ñ c&{ñ cl&{ñ clas&{ñ class&{ñ class};;CAGEDEST_052015;";&CAGEDEST_052015.txt"
2015-06m;csv;ftp://ftp.mtps.gov.br/pdet/microdados/CAGED/2015/CAGEDEST_062015.7z;source;;{&{ñ&{ñ &{ñ c&{ñ cl&{ñ clas&{ñ class&{ñ class};;CAGEDEST_062015;";&CAGEDEST_062015.txt"
2015-07m;csv;ftp://ftp.mtps.gov.br/pdet/microdados/CAGED/2015/CAGEDEST_072015.7z;source;;{&{ñ&{ñ &{ñ c&{ñ cl&{ñ clas&{ñ class&{ñ class};;CAGEDEST_072015;";&CAGEDEST_072015.txt"
2015-08m;csv;ftp://ftp.mtps.gov.br/pdet/microdados/CAGED/2015/CAGEDEST_082015.7z;source;;{&{ñ&{ñ &{ñ c&{ñ cl&{ñ clas&{ñ class&{ñ class};;CAGEDEST_082015;";&CAGEDEST_082015.txt"
2015-09m;csv;ftp://ftp.mtps.gov.br/pdet/microdados/CAGED/2015/CAGEDEST_092015.7z;source;;{&{ñ&{ñ &{ñ c&{ñ cl&{ñ clas&{ñ class&{ñ class};;CAGEDEST_092015;";&CAGEDEST_092015.txt"
2015-10m;csv;ftp://ftp.mtps.gov.br/pdet/microdados/CAGED/2015/CAGEDEST_102015.7z;source;;{&{ñ&{ñ &{ñ c&{ñ cl&{ñ clas&{ñ class&{ñ class};;CAGEDEST_102015;";&CAGEDEST_102015.txt"
2015-11m;csv;ftp://ftp.mtps.gov.br/pdet/microdados/CAGED/2015/CAGEDEST_112015.7z;source;;{&{ñ&{ñ &{ñ c&{ñ cl&{ñ clas&{ñ class&{ñ class};;CAGEDEST_112015;";&CAGEDEST_112015.txt"
2015-12m;csv;ftp://ftp.mtps.gov.br/pdet/microdados/CAGED/2015/CAGEDEST_122015.7z;source;;{&{ñ&{ñ &{ñ c&{ñ cl&{ñ clas&{ñ class&{ñ class};;CAGEDEST_122015;";&CAGEDEST_122015.txt"
2016-01m;csv;ftp://ftp.mtps.gov.br/pdet/microdados/CAGED/2016/CAGEDEST_012016.7z;source;;{&{ñ&{ñ &{ñ c&{ñ cl&{ñ clas&{ñ class&{ñ class};;CAGEDEST_012016;";&CAGEDEST_012016.txt"
2016-02m;csv;ftp://ftp.mtps.gov.br/pdet/microdados/CAGED/2016/CAGEDEST_022016.7z;source;;{&{ñ&{ñ &{ñ c&{ñ cl&{ñ clas&{ñ class&{ñ class};;CAGEDEST_022016;";&CAGEDEST_022016.txt"
2016-03m;csv;ftp://ftp.mtps.gov.br/pdet/microdados/CAGED/2016/CAGEDEST_032016.7z;source;;{&{ñ&{ñ &{ñ c&{ñ cl&{ñ clas&{ñ class&{ñ class};;CAGEDEST_032016;";&CAGEDEST_032016.txt"
2016-04m;csv;ftp://ftp.mtps.gov.br/pdet/microdados/CAGED/2016/CAGEDEST_042016.7z;source;;{&{ñ&{ñ &{ñ c&{ñ cl&{ñ clas&{ñ class&{ñ class};;CAGEDEST_042016;";&CAGEDEST_042016.txt"
2016-05m;csv;ftp://ftp.mtps.gov.br/pdet/microdados/CAGED/2016/CAGEDEST_052016.7z;source;;{&{ñ&{ñ &{ñ c&{ñ cl&{ñ clas&{ñ class&{ñ class};;CAGEDEST_052016;";&CAGEDEST_052016.txt"
2016-06m;csv;ftp://ftp.mtps.gov.br/pdet/microdados/CAGED/2016/CAGEDEST_062016.7z;source;;{&{ñ&{ñ &{ñ c&{ñ cl&{ñ clas&{ñ class&{ñ class};;CAGEDEST_062016;";&CAGEDEST_062016.txt"
2016-07m;csv;ftp://ftp.mtps.gov.br/pdet/microdados/CAGED/2016/CAGEDEST_072016.7z;source;;{&{ñ&{ñ &{ñ c&{ñ cl&{ñ clas&{ñ class&{ñ class};;CAGEDEST_072016;";&CAGEDEST_072016.txt"
2016-08m;csv;ftp://ftp.mtps.gov.br/pdet/microdados/CAGED/2016/CAGEDEST_082016.7z;source;;{&{ñ&{ñ &{ñ c&{ñ cl&{ñ clas&{ñ class&{ñ class};;CAGEDEST_082016;";&CAGEDEST_082016.txt"
2016-09m;csv;ftp://ftp.mtps.gov.br/pdet/microdados/CAGED/2016/CAGEDEST_092016.7z;source;;{&{ñ&{ñ &{ñ c&{ñ cl&{ñ clas&{ñ class&{ñ class};;CAGEDEST_092016;";&CAGEDEST_092016.txt"
2016-10m;csv;ftp://ftp.mtps.gov.br/pdet/microdados/CAGED/2016/CAGEDEST_102016.7z;source;;{&{ñ&{ñ &{ñ c&{ñ cl&{ñ clas&{ñ class&{ñ class};;CAGEDEST_102016;";&CAGEDEST_102016.txt"
2016-11m;csv;ftp://ftp.mtps.gov.br/pdet/microdados/CAGED/2016/CAGEDEST_112016.7z;source;;{&{ñ&{ñ &{ñ c&{ñ cl&{ñ clas&{ñ class&{ñ class};;CAGEDEST_112016;";&CAGEDEST_112016.txt"
2016-12m;csv;ftp://ftp.mtps.gov.br/pdet/microdados/CAGED/2016/CAGEDEST_122016.7z;source;;{&{ñ&{ñ &{ñ c&{ñ cl&{ñ clas&{ñ class&{ñ class};;CAGEDEST_122016;";&CAGEDEST_122016.txt"
2017-01m;csv;ftp://ftp.mtps.gov.br/pdet/microdados/CAGED/2017/CAGEDEST_012017.7z;source;;{&{ñ&{ñ &{ñ c&{ñ cl&{ñ clas&{ñ class&{ñ class};;CAGEDEST_012017;";&CAGEDEST_012017.txt"
2017-02m;csv;ftp://ftp.mtps.gov.br/pdet/microdados/CAGED/2017/CAGEDEST_022017.7z;source;;{&{ñ&{ñ &{ñ c&{ñ cl&{ñ clas&{ñ class&{ñ class};;CAGEDEST_022017;";&CAGEDEST_022017.txt"
2017-03m;csv;ftp://ftp.mtps.gov.br/pdet/microdados/CAGED/2017/CAGEDEST_032017.7z;source;;{&{ñ&{ñ &{ñ c&{ñ cl&{ñ clas&{ñ class&{ñ class};;CAGEDEST_032017;";&CAGEDEST_032017.txt"
2017-04m;csv;ftp://ftp.mtps.gov.br/pdet/microdados/CAGED/2017/CAGEDEST_042017.7z;source;;{&{ñ&{ñ &{ñ c&{ñ cl&{ñ clas&{ñ class&{ñ class};;CAGEDEST_042017;";&CAGEDEST_042017.txt"
2017-05m;csv;ftp://ftp.mtps.gov.br/pdet/microdados/CAGED/2017/CAGEDEST_052017.7z;source;;{&{ñ&{ñ &{ñ c&{ñ cl&{ñ clas&{ñ class&{ñ class};;CAGEDEST_052017;";&CAGEDEST_052017.txt"
2017-06m;csv;ftp://ftp.mtps.gov.br/pdet/microdados/CAGED/2017/CAGEDEST_062017.7z;source;;{&{ñ&{ñ &{ñ c&{ñ cl&{ñ clas&{ñ class&{ñ class};;CAGEDEST_062017;";&CAGEDEST_062017.txt"
2017-07m;csv;ftp://ftp.mtps.gov.br/pdet/microdados/CAGED/2017/CAGEDEST_072017.7z;source;;{&{ñ&{ñ &{ñ c&{ñ cl&{ñ clas&{ñ class&{ñ class};;CAGEDEST_072017;";&CAGEDEST_072017.txt"
2017-08m;csv;ftp://ftp.mtps.gov.br/pdet/microdados/CAGED/2017/CAGEDEST_082017.7z;source;;{&{ñ&{ñ &{ñ c&{ñ cl&{ñ clas&{ñ class&{ñ class};;CAGEDEST_082017;";&CAGEDEST_082017.txt"
2017-09m;csv;ftp://ftp.mtps.gov.br/pdet/microdados/CAGED/2017/CAGEDEST_092017.7z;source;;{&{ñ&{ñ &{ñ c&{ñ cl&{ñ clas&{ñ class&{ñ class};;CAGEDEST_092017;";&CAGEDEST_092017.txt"
2017-10m;csv;ftp://ftp.mtps.gov.br/pdet/microdados/CAGED/2017/CAGEDEST_102017.7z;source;;{&{ñ&{ñ &{ñ c&{ñ cl&{ñ clas&{ñ class&{ñ class};;CAGEDEST_102017;";&CAGEDEST_102017.txt"
2017-11m;csv;ftp://ftp.mtps.gov.br/pdet/microdados/CAGED/2017/CAGEDEST_112017.7z;source;;{&{ñ&{ñ &{ñ c&{ñ cl&{ñ clas&{ñ class&{ñ class};;CAGEDEST_112017;";&CAGEDEST_112017.txt"
2017-12m;csv;ftp://ftp.mtps.gov.br/pdet/microdados/CAGED/2017/CAGEDEST_122017.7z;source;;{&{ñ&{ñ &{ñ c&{ñ cl&{ñ clas&{ñ class&{ñ class};;CAGEDEST_122017;";&CAGEDEST_122017.txt"
